chr1p,chr7p,chr8q,chr10p,chr11p,chr11q,chr15q,chr17p,chr17q,chr21q,chr22q,Fragment_Size(bp),MedianFragmentRatioProfile,GC_CorrectedFragmentRatioProfile,FractionOfMitochondrialGenome,Class
-20.27,39.64,93.57,-13.87,19.58,27.7,-18.31,-11.38,-16.3,-8.72,-11.6,163,0.1972,0.5268,0.000484,Cancer
-1.36,2.53,0,-1.14,-1.73,-2,-1.04,0.92,-0.73,-0.42,0.63,166,0.7804,0.8835,0.00027,Cancer
5.38,-2.68,-2.18,-1.37,-1.09,-2.01,-1.39,-1.75,-0.32,-1.63,-0.66,166,0.9335,0.9206,0.000748,Cancer
-1.43,0.88,-0.26,0.22,-3.05,-3.12,-0.99,1.44,0.12,0.83,2.57,166,0.6531,0.8904,0.000188,Cancer
-1.99,2.85,1.03,0.8,0.12,-0.3,-2.97,0.53,-1.71,0.63,0.66,166,0.8161,0.8695,0.000369,Cancer
1.36,2.49,0.12,2.69,1.25,1.38,1.86,-0.84,1.75,2.31,2,162,0.7325,0.9268,0.000392,Cancer
1.58,0.7,1.47,0.58,2.1,-0.09,1.68,-0.5,0.41,0.87,1.89,167,0.9382,0.9303,0.000235,Cancer
1.05,-0.67,0.26,0.6,1.02,-0.6,0.22,0.62,1.41,0.93,1.9,165,0.8252,0.9151,0.00031,Cancer
-0.37,3.58,-0.41,1.68,-1.51,-1.49,1.51,1.03,2.11,3.66,4.14,163,0.7499,0.9243,0.000112,Cancer
0.05,3.76,-0.8,1.46,-0.82,-0.72,0.73,-0.52,1.19,2.09,3.42,162,0.4642,0.936,0.000093,Cancer
-0.51,-1.25,-1.4,0.77,-1.33,-2.25,-0.05,0.72,0.07,2,1.3,165,0.8909,0.925,0.00012,Cancer
-1.33,0.07,-0.15,-1.55,-0.79,-0.35,-2.11,-1.64,-2.72,-0.56,-1.31,165,0.8523,0.8186,0.000781,Cancer
0.36,0.56,0.34,0.41,-0.2,-0.56,0.42,-1.03,-0.67,2.58,0.97,165,0.914,0.9342,0.000181,Cancer
-1.45,1.15,0.65,-0.06,-1.59,-1.78,-1.38,1.03,-1.83,1.6,1.64,165,0.8734,0.9324,0.000078,Cancer
-0.48,-0.32,0.29,-0.15,0.58,-0.37,0.78,0.13,-1.69,0.88,-0.37,166,0.8535,0.9156,0.000173,Cancer
-0.97,-0.37,-1.84,0.09,-3.12,-2.53,-0.24,2.44,-0.04,2.6,3.05,167,0.6083,0.8846,0.000241,Cancer
-17.67,3.89,36.06,33.86,3.98,-20.57,-26.34,-24.89,9.9,-17.78,-10.66,161,0.1546,0.5879,0.000315,Cancer
-3.34,3.95,14.6,0.99,-2.01,-2.76,-1.69,-0.62,-1.1,0.65,1.86,163,0.6242,0.8944,0.000184,Cancer
-1.99,4.14,-1.35,0.03,-2.37,-4.12,-0.7,2.1,0.28,4.53,2.89,166,0.8824,0.914,0.000156,Cancer
-1.6,3.66,-0.67,1.45,-2.94,-1.76,-0.92,0.11,-0.4,1.88,0.97,160,0.5979,0.823,0.001259,Cancer
-1.14,2.93,-0.12,0.66,-2.86,-1.85,-0.33,-0.03,-0.44,3.89,2.49,167,0.7949,0.9101,0.000383,Cancer
-1.64,0.6,0.34,-0.17,0.04,-0.85,-1.31,-0.07,-1.96,1.76,-1.98,164,0.7804,0.9091,0.000829,Cancer
-10.99,-7.5,176.22,-13.05,-86.46,77.65,-27.25,-51.87,-21.92,14.98,-7.71,163,0.4263,0.4355,0.004284,Cancer
-1.71,93.53,27.73,68.25,-102.44,-133.85,-12.4,-78.34,-3.93,-5.4,-69.43,162,0.6466,0.6856,0.001154,Cancer
-21.29,49.64,57.75,13.68,-23.7,-26.13,-20.88,20.83,15.73,-29.82,-16.91,162,0.774,0.7573,0.001436,Cancer
-2.63,3.1,-0.99,-0.38,-1.13,-1.84,-2.3,0.89,-1.15,1.5,0.67,164,0.8995,0.9191,0.000197,Cancer
-22.85,242.92,98.92,14.05,105.68,-13.58,-78.09,-82.89,-57.47,-27.56,-56.4,158,0.2524,0.1845,0.001732,Cancer
-1.08,0.05,0.62,-0.85,1.43,-1.61,-1.09,-1.08,-1.85,0.09,-2.89,166,0.944,0.8946,0.001234,Cancer
-0.45,0.84,0.5,-0.87,0.09,-0.54,-1.27,0.06,-2.13,-0.06,0.22,169,0.8864,0.9304,0.000709,Cancer
-0.35,0.88,2.8,-1.52,0.05,0.34,0.17,-1.33,-1.87,-0.13,-0.79,169,0.9617,0.9345,0.004742,Cancer
-0.15,-0.59,-0.14,-1.56,-0.07,0.97,-0.29,0.37,-2.19,-1.24,1.3,168,0.9498,0.9251,0.000775,Cancer
-1.76,2.07,3.17,-1.5,0.77,1.17,-2.55,-2.49,-3.54,0.2,-2.27,167,0.849,0.9192,0.000532,Cancer
0.44,-0.77,-2.08,1.3,0.33,-2.53,-1.04,-1.45,3.86,2.57,-0.28,164,0.835,0.776,0.001407,Cancer
1.24,-0.31,-1.52,0.71,-1.87,-0.72,0.75,0.92,4.1,0.82,1.31,163,0.8411,0.9534,0.000267,Cancer
0.04,-0.98,-1.17,0.31,1.46,0.47,1.11,1.74,-0.25,0.82,0.49,166,0.9714,0.9312,0.000144,Cancer
-1.02,1.55,-0.28,0.78,-1.07,-1.17,-0.43,0.52,-0.18,1.4,0.92,156,0.8402,0.8766,0.00021,Cancer
-0.8,-0.35,1.95,-0.78,1.57,-1.62,-1.61,-0.9,-2.45,-0.13,-3.1,166,0.9584,0.912,0.001456,Cancer
17.04,24.81,150.52,9.12,76.19,-23.73,-42.43,8.93,59.41,-20.14,-32.55,161,0.6951,0.6611,0.000952,Cancer
0.56,-0.47,0.26,-0.38,-0.68,0.03,-0.18,0.12,0.04,-1.59,0.89,167,0.9719,0.9556,0.000427,Cancer
-0.6,0.62,3.65,-0.72,-0.21,0.87,-0.84,-2.02,-2.92,-1.16,-2.33,166,0.959,0.9229,0.000306,Cancer
-0.52,0.34,-0.04,-1.36,-0.07,0.94,-0.85,0.51,-1.2,-0.66,-1.44,166,0.9706,0.9432,0.000617,Cancer
-0.01,-0.62,0,1.47,0.42,-0.88,-0.37,-0.01,0.02,0.06,-0.73,163,0.8735,0.9425,0.000115,Cancer
0.25,0.21,-0.01,-0.19,0.2,-0.28,-0.83,-0.46,-1.98,-1.18,-0.98,168,0.9655,0.9348,0.001371,Cancer
-1.38,-1.67,1.51,-1.08,-1.2,-3.09,0.11,2.74,1.3,0.9,0.41,169,0.9394,0.8884,0.000813,Cancer
-0.76,0.11,-0.24,-0.76,0.11,-0.36,-0.71,0.7,-0.32,0.24,-0.39,167,0.9691,0.9496,0.000518,Cancer
1.12,1.74,0.54,1.87,0.91,-0.05,0.9,-1.29,1.75,0.14,0,165,0.9105,0.9349,0.001352,Cancer
-0.49,2.86,0.49,-0.69,0.3,-0.14,-1.28,-0.05,-3.8,-1.23,0.36,167,0.9273,0.9244,0.000929,Cancer
-0.66,1.49,0.11,-0.53,-0.02,-0.7,-0.61,-0.12,-1.64,-0.13,-0.46,168,0.9626,0.9346,0.000544,Cancer
1.38,-0.73,-0.99,0.51,-0.55,0.38,2.01,0.6,1.73,-0.69,0.47,164,0.9615,0.9286,0.000296,Cancer
-0.93,0.24,5.43,0.29,-0.66,-0.65,-1.08,-1.4,-1.39,-0.29,-3.04,168,0.9322,0.9005,0.000345,Cancer
0.71,0.11,0.68,0.83,0.95,0.91,0.16,-0.32,0.27,0.04,0.12,166,0.9461,0.9028,0.000591,Cancer
0.8,3.72,7.95,2.56,-1.74,0.81,0.07,-2.83,-0.48,-1.72,-1.08,169,0.7686,0.8246,0.000504,Cancer
1.71,3.75,4.71,2.09,-5.23,-1.2,-0.35,-2.07,0.05,-0.49,-0.62,171,0.8867,0.7887,0.000377,Cancer
-0.75,1.77,1.61,-0.86,-0.52,0.76,-1.08,-1.3,-3.43,0.15,0.18,160,0.8593,0.9332,0.000137,Cancer
1.13,-2.34,2.72,-0.82,0.79,2.38,0.27,-1.44,-0.57,-0.92,0.09,165,0.9359,0.916,0.000863,Cancer
-0.54,0.14,0.83,-1.35,0.13,0.2,-0.14,1.79,-0.64,-0.42,1.47,164,0.8688,0.9196,0.000165,Cancer
-0.54,-0.16,2.15,-0.83,2.03,0.57,-0.9,-0.29,-2.75,-0.13,-1.79,165,0.9634,0.9341,0.000356,Cancer
-0.37,0.27,0.33,0.29,-0.2,0.35,-0.04,-0.36,-0.31,1.37,0.68,163,0.9469,0.9428,0.002025,Cancer
-0.68,-0.5,1.34,0.22,-0.2,-0.08,-0.05,0.81,-0.65,-0.32,-1.12,166,0.9672,0.9416,0.000902,Cancer
0.19,0.31,0.67,-0.49,2.32,0.03,0.77,-0.54,-2,0.49,-0.43,168,0.9438,0.913,0.000761,Cancer
-0.32,-0.43,1.39,-1.21,0.91,0.45,-0.71,-1.64,-2.13,-2.25,-0.15,167,0.9479,0.8916,0.000626,Cancer
-0.09,-1.4,-0.37,-0.47,0.54,1.32,-0.25,0.09,-0.42,-0.23,0.72,165,0.9611,0.9422,0.000601,Cancer
0.78,0.79,2.68,0.38,0.87,0.43,0.07,-1.85,-2.35,-0.7,-1.47,168,0.9555,0.9132,0.000514,Cancer
0.58,0.02,2,0.55,-0.65,-0.98,-0.5,-1.64,-2.04,-1.2,-1.54,167,0.9506,0.897,0.000264,Cancer
1.38,0.69,0.13,1.06,0.37,1.63,1.91,-0.8,1.45,1.85,2.02,163,0.9154,0.9532,0.000164,Cancer
0.27,1.04,0.89,-0.32,0.89,0.31,0.68,-0.95,-0.91,1.15,0.05,165,0.946,0.9474,0.000279,Cancer
-1.04,1.16,0.24,-0.58,0.78,0,-0.48,-0.65,-2.12,-0.97,-1.02,168,0.9651,0.9388,0.000171,Cancer
-1.06,0.72,1.58,-1.38,1.69,-0.08,-0.87,-0.56,-1.74,-0.63,-1.8,165,0.9577,0.9368,0.000271,Cancer
-1.2,0.07,-0.8,-0.78,-0.32,-1.09,-0.65,0.79,-0.46,0.3,1.06,167,0.9786,0.964,0.000263,Cancer
0.21,0.26,1.26,-1.08,-0.53,0.1,0.23,0.58,-1.49,0.47,1.08,167,0.9576,0.9421,0.000142,Cancer
-0.32,1.81,2.07,-0.04,-0.23,0.66,-0.7,-1.5,-3.13,-0.64,-0.19,170,0.941,0.9254,0.000775,Cancer
0.73,2.88,5.96,1.12,-0.99,0,-0.43,-3.68,-3.13,-2.19,-2.39,170,0.9043,0.8193,0.000241,Cancer
-0.21,1.96,1.36,1.77,-0.45,-0.32,0.01,-0.87,-0.16,1.89,1.1,166,0.9254,0.9288,0.00164,Cancer
0.66,1.76,2.84,1.86,0.91,0.33,1.01,-2.52,-1.27,0.41,-0.68,169,0.9451,0.9138,0.000419,Cancer
1.39,2.43,7.04,-0.27,0.06,0.83,-1.38,-3.96,-3.95,-2.21,-2.28,169,0.9315,0.8659,0.000274,Cancer
1.47,1.81,6.73,1.74,-2.18,-0.6,-0.79,-3.73,-2.21,-1.11,-1.76,166,0.9154,0.8797,0.000294,Cancer
-2.25,5.89,6.97,2.42,-3.66,-1.76,-1.43,-3.61,-4.63,-0.77,-0.83,169,0.937,0.8547,0.000181,Cancer
0.96,1.91,4.26,2.06,-0.2,-1.25,-0.43,-3.11,-2.34,-2.51,-3.12,169,0.9002,0.833,0.000417,Cancer
-0.06,0.93,0.56,0.02,0.59,0.5,-0.96,0.3,-2.2,-0.87,-0.03,164,0.7955,0.9408,0.000799,Cancer
-1.92,3.49,-1.8,3.89,-2.89,-2.35,-0.11,2.11,1.7,2.2,2.94,162,0.6774,0.8835,0.001042,Cancer
0.22,1.67,0.97,0.68,0.66,-0.53,-0.7,0.57,-0.48,-0.36,0.14,164,0.8773,0.9072,0.000352,Cancer
0.87,0.64,0.4,-0.22,-0.01,-0.95,0.97,-0.18,0.07,0.9,0.44,168,0.9325,0.8947,0.000591,Healthy
-0.59,1.31,1.68,-0.62,-0.33,1.59,-0.83,0.14,-2.39,-0.05,-0.56,167,0.9433,0.9369,0.001193,Healthy
0.56,0.27,-0.12,-0.42,-0.69,0.46,-0.22,0.95,0.13,-1.46,-0.11,167,0.9646,0.9487,0.000276,Healthy
-0.35,0.11,0.6,-1.42,1.15,0.38,-0.78,0.5,-0.74,-1.08,-0.38,167,0.9423,0.9442,0.00042,Healthy
1.45,1.54,0.29,1.51,0.66,1.17,1.08,-0.35,1.14,0.36,1,168,0.9567,0.9289,0.000407,Healthy
0.13,0.65,-0.36,-0.11,0.23,0.64,0.19,1.04,0.67,-0.07,-0.07,167,0.9709,0.9512,0.000266,Healthy
-0.89,0.33,1.48,-1.13,0.14,-0.33,-1.31,0.4,-1.16,-2.61,-1.36,166,0.9605,0.9416,0.000334,Healthy
-0.57,0.17,0,0.35,-0.23,0.47,-0.01,0.87,0.71,-2.42,-0.76,167,0.9238,0.9457,0.000302,Healthy
-0.39,-3.5,-0.13,-1.17,2.6,1.01,0.17,-1.54,0,-0.57,0.32,165,0.9618,0.9439,0.00017,Healthy
-0.97,-0.52,-0.86,-0.82,0.17,-0.61,-1.33,1.45,-0.33,-0.96,-1.15,167,0.9183,0.9391,0.000362,Healthy
-1.1,-2.02,0.3,-2.08,0.43,0.33,-0.94,0.36,-0.74,-0.52,-0.77,168,0.9548,0.918,0.00047,Healthy
0.41,-0.34,0.18,-0.3,-0.66,-0.4,0.5,0.12,0,-1.33,0.9,168,0.9471,0.9436,0.000501,Healthy
1.54,0.86,1.21,-0.31,0.52,0.42,1.21,-1.13,0.59,0.24,1,167,0.9534,0.9575,0.000455,Healthy
1.66,1.08,0.42,1.31,0,0.57,1.07,-0.02,2.25,-0.18,0.29,168,0.9075,0.9283,0.000409,Healthy
-0.23,1.23,0.41,-1.17,0.43,1.07,-1.83,-0.34,-0.85,-0.51,-0.8,168,0.9422,0.9409,0.000371,Healthy
-0.7,0.73,0.68,-1.36,0.72,0.76,-1.01,-0.63,-2.22,-0.37,0.43,169,0.9556,0.9367,0.000427,Healthy
-0.02,1.92,1.22,-0.11,0.38,0.48,-0.26,-1.06,-1.32,-0.22,0.17,169,0.9447,0.9181,0.000279,Healthy
0.58,0.62,0.61,0.33,0.1,0.01,-0.23,-0.92,-0.42,-0.38,0.73,169,0.9538,0.941,0.000317,Healthy
0.88,-0.6,0.01,-0.95,0.15,0.36,0.45,0.39,-0.91,-1.95,0.06,168,0.9019,0.92,0.000397,Healthy
0.35,0.96,1.1,-0.14,0.2,-1.01,-0.13,-0.7,-1.11,-0.13,-1.35,168,0.9576,0.9167,0.000388,Healthy
1.04,-1.46,0.25,-0.12,0.87,0.66,0.66,-1.32,-0.65,-0.15,-0.02,168,0.9481,0.9352,0.000311,Healthy
1.23,-0.5,-0.12,0.74,0.66,-0.52,0.87,-0.41,2.34,-0.1,-0.16,168,0.9672,0.9451,0.000226,Healthy
-0.54,1.43,0.86,-0.12,1.73,0.47,-0.64,0.19,-1.95,1.45,-0.76,165,0.9547,0.9527,0.000145,Healthy
-0.02,-0.46,-0.73,-0.44,0.33,-1.61,-0.41,0.83,-0.48,-0.41,-0.78,167,0.9302,0.9348,0.000202,Healthy
0.98,-0.89,-0.65,0.44,0.34,0.56,0.95,0.41,0.7,0.67,0.82,167,0.9482,0.9491,0.000212,Healthy
-0.84,-0.64,-0.68,-0.73,0.13,-0.09,-0.36,0.95,-0.27,0.49,0.27,167,0.8659,0.9427,0.000071,Healthy
-0.41,0.1,0.06,-0.43,1.38,0.79,0.01,-0.3,-0.61,1.05,0.3,165,0.9374,0.9552,0.000191,Healthy
1.02,0.52,1.53,-0.85,0.4,1.35,0.19,-1.73,-1.87,-1.5,1.13,169,0.9542,0.9352,0.000232,Healthy
-0.38,0.61,0.85,-0.58,0.49,-0.8,-1,-0.31,-2.32,0.13,-0.76,167,0.9578,0.9189,0.000263,Healthy
0.23,0.54,0.38,-1.27,0.62,-0.72,0.16,-0.38,0.21,0.24,-0.34,164,0.8913,0.9166,0.000222,Healthy
0.73,0.16,-0.16,-0.15,0.34,0.12,0.61,-0.08,0.95,0.34,1.54,167,0.8751,0.9411,0.000248,Healthy
0.59,0.36,0.89,0.6,0.12,0.44,-0.02,0.21,-0.07,0.48,0.35,169,0.9519,0.9133,0.000402,Healthy
-0.08,0.33,0.33,-0.41,-0.27,-0.74,-0.2,0.31,-1.11,-1.17,-0.37,167,0.9124,0.9202,0.000711,Healthy
-0.16,-0.71,1.29,-0.05,0.09,1.37,0.31,-0.24,0.28,0.43,-0.03,166,0.9574,0.9408,0.000213,Healthy
-0.35,-0.04,-0.02,-1.19,-0.04,-0.22,-1.11,0.11,-0.75,-0.59,-0.63,168,0.9533,0.9071,0.001275,Healthy
-1.48,-0.47,0.23,-1.43,-0.89,-1.53,-2.13,1.28,-0.71,-0.06,-1.54,166,0.9643,0.9332,0.000256,Healthy
0.65,1.13,0.07,-0.24,0,0.85,0.29,0.37,-0.02,1.29,0.25,167,0.9609,0.9396,0.000269,Healthy
0.01,0.74,-0.8,-0.57,-0.2,-1.11,-1.1,0.73,0.33,-0.03,0.39,167,0.9118,0.9403,0.000203,Healthy
0.43,-1.01,-1.17,0.58,-0.68,-1.45,0.17,1.85,1.1,0.01,-0.27,166,0.9679,0.9377,0.000314,Healthy
0.74,-1.53,0.63,-0.77,0.71,0.38,0.31,0.86,-1.03,-1.15,0.86,169,0.9474,0.9132,0.00035,Healthy
0.09,-0.41,-0.04,-0.34,-0.71,-0.44,-0.31,0.07,-1.02,0.36,-0.11,167,0.8909,0.9333,0.000285,Healthy
0.52,-0.67,0.34,-1.41,-0.13,0.97,-0.26,-0.48,-0.25,-1.09,2.62,169,0.9248,0.9159,0.000159,Healthy
0.75,-0.11,0.29,0.15,0.87,1.16,0.54,-0.9,0.05,-0.5,0.15,167,0.9533,0.9262,0.000367,Healthy
-0.69,1.1,0.81,-1.41,0.95,1.14,-1.18,-0.7,-1.72,0.34,-0.72,165,0.9388,0.9303,0.000103,Healthy
1.33,-1.88,1.2,-0.49,0.92,0.06,0.67,0.48,-1.4,-0.79,0.5,167,0.9396,0.9338,0.00028,Healthy
0.26,-0.98,-0.58,-0.92,1.23,-0.16,-0.23,0.53,-0.71,0.72,-1.15,167,0.9488,0.9321,0.00021,Healthy
-0.6,-0.12,1.33,-1.52,0.02,0.59,-1.07,-1.32,-2.54,-2.63,-2.37,166,0.9533,0.9187,0.000448,Healthy
-0.58,0.03,-0.65,-1.49,-0.11,0.7,-1.24,0.32,-1.27,0.17,-0.11,166,0.7858,0.8986,0.000283,Healthy
-0.15,-1.1,-0.48,-0.26,-1.36,0.11,0.49,2.15,0.42,-1.04,0.42,167,0.9421,0.9067,0.000632,Healthy
1.14,1.11,1.09,0.15,0.84,0.25,0.63,-0.17,-1.64,-0.67,-0.44,169,0.9192,0.8998,0.000257,Healthy
1.87,-0.98,0.45,-1.35,0.28,0.63,0.52,1.09,-0.35,-1.17,0.64,169,0.9345,0.9107,0.000445,Healthy
0.9,-1.35,0.53,-0.2,0.88,0.42,-0.15,-0.04,-0.85,-1.77,-0.01,169,0.9475,0.9074,0.000208,Healthy
0.69,0.65,0.98,-0.1,-0.55,-0.61,1.19,0.62,-0.38,0.51,2.94,171,0.957,0.9288,0.000284,Healthy
-0.45,-0.19,-1.22,-0.56,-2.51,-1.75,-0.57,1.75,0.03,-0.25,0.51,168,0.8176,0.9294,0.000223,Healthy
0.78,-1.96,-1.82,0.54,0.81,1.02,0.17,1.2,0.62,0.09,0.15,168,0.9521,0.919,0.000613,Healthy
2.01,-1.48,-0.42,-0.01,-0.33,0.32,0.88,-0.93,0.52,-0.17,0.49,167,0.9435,0.913,0.000408,Healthy
0.56,-0.99,-0.91,-0.62,0.6,0.84,0.5,1.27,-0.19,-1.15,-0.32,168,0.9481,0.9121,0.000318,Healthy
0.73,0.13,0.1,-0.28,0.17,-1.01,0,-0.53,1.46,-0.3,-0.68,167,0.9613,0.9308,0.0004,Healthy
4.03,-0.05,0.05,1.29,1.22,1.25,3.36,-1.99,2.37,0.68,1.75,168,0.9474,0.9312,0.000427,Healthy
-1.07,-0.17,-1.27,-0.71,0.11,-0.91,-1.36,1.23,0.56,-0.09,0.36,167,0.9255,0.954,0.000217,Healthy
-0.33,1.62,0.57,0.48,0.2,-1.44,0.05,0.3,-0.94,1.17,-0.01,167,0.7777,0.9372,0.000174,Healthy
1.17,-0.21,-0.52,-0.85,0.5,0.52,0.04,0.27,-0.77,-1.62,1.66,168,0.85,0.8775,0.000395,Healthy
0.86,0.85,-0.86,-0.81,0.55,-0.11,0.68,0.07,0.25,-0.11,2.47,167,0.9261,0.9283,0.000268,Healthy
-0.69,0.87,-0.44,0.12,0.83,-1.15,-0.44,-0.16,0.12,0.22,-0.05,167,0.9236,0.9503,0.000309,Healthy
0,1.35,0.55,-2.09,0.42,1.12,-0.97,-0.08,-1.54,-1.06,0.02,167,0.9488,0.9187,0.00062,Healthy
-1.59,1.3,-0.24,0.28,-1.1,-1.55,-0.91,0.27,-0.84,1.19,0.63,168,0.9311,0.948,0.000282,Healthy
1.04,0.81,1.8,0.7,0.12,-1.12,-0.24,-1.7,0.43,0.28,-0.43,165,0.9371,0.9051,0.00174,Healthy
1.02,0.83,-0.15,0.43,-0.25,1.24,0.41,-0.63,0.45,0.5,0.62,167,0.9536,0.917,0.000344,Healthy
0.07,-1.02,0.14,-0.94,0.21,0.38,-0.15,-0.02,-0.76,-0.55,0.69,166,0.8748,0.9181,0.000353,Healthy
0.33,-1.14,0.73,-0.62,0.5,1.34,-0.47,-1.46,-1.39,0.54,-0.79,169,0.949,0.9076,0.001073,Healthy
-1.2,1.08,-0.23,-0.83,0.55,-0.78,-0.93,0.97,-0.54,2.1,-0.34,167,0.9428,0.9541,0.000246,Healthy
0.15,1.14,0.37,-0.87,0.54,1.01,-0.31,0.19,-0.72,1.67,1.36,167,0.9642,0.9423,0.00041,Healthy
0.2,0.92,0.84,-0.79,0.02,1.31,-0.08,-0.55,-2.62,0.05,0.64,168,0.9621,0.9414,0.000734,Healthy
0.63,-1.31,-2.26,1.07,-1.98,-1.65,0.98,2.65,1.61,-0.4,1.75,170,0.9662,0.9424,0.000523,Healthy
-1.1,0.65,-0.57,-0.23,-1.7,-0.46,-0.17,1.91,-0.8,-0.69,1.44,169,0.9541,0.9501,0.000435,Healthy
-0.61,0.08,-0.3,-0.01,-0.77,-1.44,-1.2,1.34,0.52,0.03,0.51,167,0.938,0.9584,0.00034,Healthy
1.65,-0.76,-2.98,1.32,-1.77,-0.92,2.01,3.27,2.56,-0.11,2.74,168,0.97,0.9407,0.000389,Healthy
1.5,-0.51,1.14,-0.35,0.69,1.15,0.97,-0.65,0.58,-1.77,1.55,169,0.8061,0.9043,0.000207,Healthy
0.4,-1.22,-1.74,-0.35,-0.4,-0.36,0.63,0.89,-0.46,-1.25,1.24,167,0.8866,0.9246,0.000165,Healthy
0.91,0.32,1.7,-0.41,1.56,0.83,-0.13,-0.29,-1.65,-0.73,-0.76,167,0.692,0.8859,0.000502,Healthy
1.17,-1.38,0.87,-0.82,1.33,0.24,0.12,-0.3,-0.17,0.33,0.87,169,0.9583,0.9223,0.000375,Healthy
1.51,0.36,-2,1.6,0.22,-0.28,1.04,-0.04,0.84,0.43,1.9,167,0.9348,0.9266,0.000527,Healthy
-0.76,-1.07,0.36,-1,0.36,-0.89,-1.74,-0.37,-2.21,0.03,-1.28,168,0.9409,0.9035,0.000667,Healthy
1.48,1.31,-0.78,0.47,0.38,0.94,1.84,1.72,2.11,0.41,2.44,167,0.9216,0.9182,0.000229,Healthy
-1.23,-1.03,0.58,-1.87,1.11,-0.08,-2.08,-0.06,-1.26,-1.6,-0.71,166,0.9334,0.9162,0.000223,Healthy
-0.13,1.02,-0.07,-0.4,-0.44,-0.44,-0.99,-0.74,-1.21,-1.45,-1.87,167,0.9165,0.9014,0.000424,Healthy
1.76,-1.88,-0.25,0.31,-0.08,0.52,1.43,0.58,-0.23,-0.86,1.47,169,0.9256,0.9045,0.000407,Healthy
1.38,-0.19,-0.24,-0.09,0.29,-0.05,0.12,0.05,0.77,-0.86,0.5,167,0.9257,0.9292,0.000522,Healthy
-0.03,-1.12,-0.95,-0.73,0.57,-0.42,-0.85,0.56,0.11,-0.2,-0.19,166,0.8611,0.9254,0.000424,Healthy
0.39,-0.84,0.34,0.22,0.74,-0.18,-0.13,-0.35,-2.27,-0.51,-0.15,167,0.7884,0.8928,0.000393,Healthy
-0.36,1.1,1.48,-1.04,0.94,0.77,-0.79,0.68,-2.17,-0.3,-0.28,167,0.9463,0.9578,0.000242,Healthy
0.25,0.02,0.87,0,-0.49,-0.94,-1.06,0.45,-0.95,-0.69,0.33,169,0.878,0.9195,0.000679,Healthy
4.06,0.49,-0.06,2.35,0.06,0.44,2.25,-0.33,2.63,-0.27,2.6,168,0.6862,0.9047,0.0003,Healthy
0.1,0.11,0.44,-0.33,0.93,1.44,0.32,2.28,-0.31,0.07,0.23,167,0.9428,0.9339,0.000146,Healthy
1.26,-2.25,-0.19,-0.22,0.11,1.42,-0.36,2.55,0.33,-2.66,0.17,167,0.9353,0.88,0.001516,Healthy
0.28,-2.12,3.41,-0.49,-0.53,-0.95,-0.44,2.61,0.25,-1.26,1.33,168,0.9329,0.8829,0.000515,Healthy
-0.2,0.4,-0.33,-1.52,-1.23,0.22,-1.42,1.95,-1.78,-2.28,-0.24,169,0.9402,0.8948,0.000528,Healthy
0.39,-0.75,0.29,-0.21,0.45,1.52,-1.28,1.16,0.38,-0.83,-0.78,166,0.9579,0.9204,0.000359,Healthy
0.26,1.61,-0.98,-1.62,0.03,0.17,-0.85,1.5,-0.69,-2.22,0.31,167,0.8188,0.8592,0.000667,Healthy
1.76,-0.67,-0.19,-0.55,0.11,1.14,-0.87,0.63,-0.46,-2.11,1.59,169,0.9527,0.9099,0.000229,Healthy
-0.15,-0.9,-1.97,-1.26,0.18,0.16,0,0.91,-0.29,0.14,0.09,167,0.9584,0.9192,0.000415,Healthy
1.14,-0.83,-0.69,0.5,0.11,0.5,1.02,1.74,-0.24,-0.78,0.9,168,0.922,0.895,0.000302,Healthy
0.91,0.32,0,-0.41,-0.05,0.52,-0.23,1.55,-0.52,-1.46,-0.17,168,0.9102,0.9006,0.000453,Healthy
-0.17,-0.34,0.37,-1.56,0.98,0.62,-0.08,0.45,-1.91,-1.31,1.09,167,0.9392,0.8857,0.000621,Healthy
0.25,-1.82,-0.83,-0.52,-0.41,0.49,-0.28,0.69,-0.04,-1.81,0.04,167,0.9561,0.9191,0.00014,Healthy
-0.43,-1.85,-0.27,-2.28,-0.92,-0.03,-0.19,1.5,-0.76,-1.5,0.74,167,0.9461,0.9145,0.000355,Healthy
0.75,0.27,0.33,-0.4,-0.91,0.27,-0.23,1.07,-1.75,-2.31,0.57,168,0.9258,0.9127,0.00029,Healthy
0.5,-2.3,-0.96,-1.01,-0.65,0.39,-0.65,1.15,-1.13,-2.83,0.87,169,0.9217,0.9025,0.000296,Healthy
1.98,-0.86,0.35,1.26,-0.73,1.85,1.33,1.08,1.5,0.25,1.88,167,0.9672,0.9388,0.000198,Healthy
2.06,-1.38,-0.09,-0.39,0.03,2.22,0.69,1.2,1.76,-0.51,1.21,168,0.9578,0.9192,0.000241,Healthy
0.75,-0.73,-0.07,-0.25,-1.79,0.94,0.01,0.37,-1.06,-1.68,1.97,169,0.9376,0.9234,0.000306,Healthy
0.91,-1.51,0.23,0.26,0.15,0.28,0.19,-0.41,0.33,0.76,0.19,167,0.9228,0.9295,0.00028,Healthy
0.82,-0.46,0.85,-1.03,0.46,0.36,0.05,0.61,-0.6,-0.69,-0.23,169,0.9164,0.9108,0.000187,Healthy
1.49,-0.95,-1.8,1.03,-0.53,0.24,1.13,0.55,1.66,-0.22,1.67,166,0.9069,0.9006,0.000209,Healthy
1.47,-1.79,-1.17,0.92,-1.05,-0.56,0.53,1.56,1.74,-1.01,0.85,169,0.9606,0.9289,0.000832,Healthy
-0.51,-1.32,-1.93,-0.07,-0.67,-1.3,-0.98,1.9,0.22,-0.62,-0.34,167,0.9553,0.9265,0.001119,Healthy
0.54,0.4,-0.79,0.59,0.14,-0.23,-0.28,-0.29,-0.01,0.89,0.46,168,0.9722,0.9488,0.000722,Healthy
0.67,-1.43,-0.58,0.35,-1.09,-0.77,0.51,1.45,0.03,-1.48,0.5,168,0.956,0.908,0.000548,Healthy
0.51,-1.5,-0.61,-1.05,-0.41,0.09,-0.21,0.4,-0.03,-1.5,-0.14,167,0.9594,0.9257,0.000182,Healthy
0.8,-0.58,-0.35,-0.41,-0.75,0.87,0.24,-0.47,0.44,-1.53,0.08,167,0.9591,0.9272,0.000346,Healthy
1.51,0.84,2.02,1.87,1.36,0.31,0.89,-1.93,-0.89,0.2,0.38,168,0.9358,0.8757,0.000593,Healthy
-0.48,0.54,-0.86,0.15,0.72,-0.1,-0.74,0.42,-0.66,0.56,-1.22,167,0.9639,0.9307,0.000258,Healthy
0.75,-1.21,-1.23,0.15,0.18,1.33,0.94,1.64,1.22,-0.8,0.76,167,0.957,0.9185,0.000234,Healthy
1.3,0.03,0.12,-0.88,-0.16,0.13,-0.36,0.1,-0.32,-2.79,-0.56,168,0.9485,0.9082,0.000433,Healthy
0.68,0.15,0.15,0.08,0.26,0.78,0.38,0.75,0.63,-0.8,0.45,168,0.9671,0.9442,0.000297,Healthy
0.22,1.31,-0.13,-0.45,0.61,0.05,-0.19,0.89,-0.68,0.35,0.91,170,0.9133,0.9097,0.000179,Healthy
-0.06,-1.18,-0.17,-0.34,0.35,-0.22,-1.2,-1.42,-0.83,-0.83,-0.82,168,0.936,0.9158,0.00029,Healthy
0,-1.44,-0.7,-0.65,-1.26,0.57,-0.43,1.86,-0.69,-2.13,0.39,170,0.9445,0.9245,0.000156,Healthy
0.19,0.03,0.13,-1.07,-0.06,0,-0.25,0.5,-1.16,-1.25,-1.13,170,0.9537,0.9138,0.000169,Healthy
1.01,-1.57,-0.28,-0.86,-0.4,-1.09,-0.46,-0.28,-0.86,-0.61,0.07,171,0.9547,0.9028,0.000226,Healthy
0.65,-0.49,-0.33,-0.37,-0.15,-1.22,-0.08,1.12,-0.65,-1.14,0.92,169,0.9562,0.9295,0.00033,Healthy
0.79,0.37,-0.48,-0.64,-0.56,0.9,-0.87,0.35,-0.89,-1.33,0.94,167,0.966,0.943,0.000178,Healthy
0.99,-1.76,0.08,0.23,-0.24,0.11,0.12,0.14,0.3,0.74,1.01,167,0.9569,0.9406,0.000169,Healthy
0.57,0.96,-0.49,0.42,0.9,0.37,-0.17,-1.12,-0.28,-1.02,-0.24,170,0.9431,0.8801,0.000207,Healthy
1.29,-1.65,-1.7,1.72,-0.14,-0.01,1.37,0.78,1.77,0.04,1.49,171,0.9429,0.9066,0.000464,Healthy
0.33,0.08,0.28,-0.16,-0.08,-0.58,0.57,-0.67,-0.34,-1.15,-0.22,171,0.9446,0.875,0.000267,Healthy
1.5,-0.5,0.15,1.33,-0.59,1.21,1.12,-0.17,0.87,-0.99,0.01,167,0.9502,0.9257,0.000281,Healthy
1.2,-1.6,-0.11,0.15,-0.5,-0.99,0.2,0.31,-0.38,-0.69,1.24,169,0.9421,0.8968,0.000167,Healthy
-0.03,-1.34,-0.94,-0.06,-0.16,-0.36,-0.37,0.38,-0.77,-0.62,-1.6,167,0.9553,0.9191,0.000401,Healthy
2.09,-0.66,-1.95,1.09,0.01,0.52,1.54,0.55,2.17,1.13,1.98,167,0.955,0.9254,0.000236,Healthy
0.05,-1.14,-0.83,-0.67,-0.48,-1.07,0.25,2,0.25,-0.89,0.78,167,0.9572,0.9195,0.000331,Healthy
1.43,-1.65,-0.16,0.93,0.21,0.78,1.39,0.72,0.26,-0.48,0.83,169,0.9548,0.9167,0.000262,Healthy
0.29,-0.43,0.84,0.44,1.34,-1.7,-0.29,0.02,-0.78,0.28,-1.89,167,0.9498,0.8948,0.00048,Healthy
0.26,-1.73,-0.66,0.61,0.14,0.45,1.31,1.11,2.27,-1.17,1.87,166,0.9572,0.9339,0.000186,Healthy
1.22,0.49,1.44,-0.58,-0.67,0.51,-0.81,-0.88,0.39,-0.74,-0.52,166,0.9626,0.9322,0.000455,Healthy
1.11,-1.21,-0.22,-0.63,-0.82,-1.19,0.19,0.88,-0.27,-1.77,-0.22,168,0.9537,0.9098,0.000207,Healthy
0.42,-1.34,-0.46,0.72,-1.25,-0.99,-0.77,0.66,-0.77,-1.33,-1.09,167,0.9429,0.9022,0.000298,Healthy
1.45,-1.7,0.59,0.69,0.03,0.26,0.14,0,1.36,-1,-0.19,167,0.9511,0.9275,0.000298,Healthy
0.39,0.2,-0.74,1.01,-0.02,-0.61,-0.04,0.74,1.91,-0.75,-0.22,168,0.9609,0.9209,0.000281,Healthy
0.19,0.06,-2.89,-0.6,-1.12,-1.6,0.7,3,0.73,-0.71,1.02,168,0.9331,0.8863,0.000227,Healthy
-0.43,-1.77,-1.44,-0.65,0.42,0.31,-0.03,0.17,-0.11,-0.63,-0.15,167,0.9506,0.9372,0.00013,Healthy
1.22,0.37,-0.09,0.37,0.38,-0.52,0.99,0.49,-0.89,-2.1,-0.26,170,0.9133,0.8511,0.000659,Healthy
1.44,-2.46,-0.12,0.12,0.1,-0.19,0.65,0.32,0.05,-1.59,0.21,167,0.9251,0.9164,0.000325,Healthy
0.74,-1.31,-2.23,0.69,-0.9,-1.53,1.11,1.69,0.97,0.35,0.27,167,0.9679,0.9408,0.000155,Healthy
0.53,-0.63,1.26,-0.51,0.88,-0.12,0.11,-0.52,-1.3,-0.7,-1.33,168,0.9273,0.9024,0.000229,Healthy
-0.93,0.07,0.02,0.05,-0.23,-1.33,-0.79,0.21,-1.32,0.25,-0.89,167,0.8353,0.9345,0.000247,Healthy
1.26,-0.4,1.78,0.18,0.29,-0.63,0.56,-0.42,-1.25,-1.67,-2.1,169,0.8225,0.8799,0.000201,Healthy
-0.2,-0.51,0.44,-0.86,0.39,0.49,-0.51,0.16,-1.06,-0.62,0.53,168,0.9073,0.9228,0.000715,Healthy
-0.35,-0.96,-0.16,0.16,1.07,-0.03,-0.08,0.99,0.4,0.72,0.28,167,0.9354,0.9333,0.00015,Healthy
-1.55,-0.14,0.63,-0.17,-0.76,0.16,-1.98,0.1,-2.37,-0.47,-2.15,166,0.8509,0.8915,0.000481,Healthy
-0.78,-0.43,0.28,-1.05,-0.4,-1.14,-1.04,0.58,-0.71,-0.23,-1.5,167,0.9206,0.9128,0.000443,Healthy
-1.34,0.06,0.21,-0.39,-0.72,-0.49,-1.24,1.08,-1.08,1.67,-0.59,168,0.8474,0.9245,0.000316,Healthy
0.08,-1.43,0.43,-0.32,-0.83,-0.07,-1.17,-0.53,-1.04,-1.21,-0.31,167,0.9155,0.9233,0.000269,Healthy
-0.24,-0.31,-0.13,-0.58,-0.96,-1.43,-0.88,0.22,-2.24,-0.59,-0.57,169,0.8807,0.9059,0.000236,Healthy
1.64,-1.09,-0.92,0.49,-0.1,0.85,0.78,-0.14,1.34,0.29,1.38,169,0.9129,0.9376,0.000382,Healthy
-0.3,0.89,0.32,0.9,0.72,-0.51,0.2,0.09,-1.2,0.05,0.82,167,0.9588,0.9344,0.000256,Healthy
1.93,0.03,-0.12,1.11,1,-0.08,1.36,-0.01,1.21,0.61,1.67,167,0.9303,0.9207,0.000221,Healthy
0.54,1.06,2.22,0.37,0.54,0.19,-1.29,-0.54,-1.72,-0.61,-1.64,169,0.9522,0.9046,0.000672,Healthy
0.31,-2.06,-0.38,0.24,-0.26,-0.71,0.17,1.36,0.27,0.13,-1.22,168,0.9568,0.9113,0.000311,Healthy
0.31,0.05,-0.34,-1.22,-0.02,-0.07,-0.16,2.05,-0.54,-1.18,1.03,168,0.9379,0.9336,0.000162,Healthy
-0.2,-0.61,-1.47,-1.04,-1,0.1,-0.96,-0.32,-0.08,-1.01,-0.68,168,0.9518,0.9275,0.000251,Healthy
0.63,-0.52,-1.24,-0.13,-1.4,-0.74,0.11,2.06,-0.09,-0.03,0.49,166,0.963,0.9366,0.000261,Healthy
-0.63,0.05,-0.07,-0.04,-1.19,-1.61,-0.95,0.76,-0.56,-1.04,-0.8,168,0.9547,0.9128,0.000291,Healthy
1.45,-0.05,0.35,1.01,-0.79,0.02,1.34,-0.58,-0.54,-1.44,-0.94,169,0.9199,0.9042,0.00022,Healthy
0.87,-1.24,0.39,0.94,1.33,-0.8,0.64,-0.72,-0.18,1.97,-0.1,169,0.9575,0.9098,0.000594,Healthy
2.4,-0.48,-0.9,0.77,1.17,1.16,1.71,0.75,1.58,0.29,1.28,167,0.9618,0.9298,0.000409,Healthy
3.13,-0.57,0.65,1.95,0.44,1.23,2.02,-1.74,1.65,-0.26,1.63,167,0.895,0.8794,0.000432,Healthy
0.15,-1.35,0.92,-0.21,1.66,0.92,0.21,-0.6,-0.83,-0.22,-0.2,168,0.9631,0.9332,0.000144,Healthy
1.16,0.28,0.96,-0.73,-0.29,-1.02,-0.16,1.25,-1.55,-0.81,-0.13,170,0.9335,0.8799,0.000322,Healthy
0.24,-0.79,-0.26,-0.5,0.36,-1.26,-0.17,0.35,-0.7,-0.37,-0.01,168,0.8718,0.933,0.000065,Healthy
-0.38,-1.14,-0.93,-0.3,0.33,-0.51,0.13,0.5,-1.09,-0.27,-0.5,169,0.9623,0.9303,0.000232,Healthy
0.61,-1.13,-0.91,0.2,-0.16,0.75,0.62,-0.43,-0.01,1.01,0.88,166,0.8777,0.8908,0.000513,Healthy
0.11,1.77,0.65,-0.12,0.93,0.1,-0.47,-0.21,-0.36,-0.03,-1.12,166,0.8788,0.9398,0.000208,Healthy
0.12,-1.65,-0.44,-0.24,-0.44,0.32,0.36,-0.13,0.14,-0.12,1,167,0.9576,0.933,0.000335,Healthy
0.87,-0.21,-0.5,-0.13,-0.36,-0.43,1.19,0.66,0.38,-0.02,1.4,167,0.9526,0.9315,0.000403,Healthy
-0.02,-0.48,-0.43,-0.6,0.01,-0.37,-0.25,0.28,-0.01,0.06,-0.25,167,0.9733,0.9442,0.000198,Healthy
-0.77,-0.53,-1.06,-0.74,-0.91,-2.46,-0.51,1.23,-0.57,-1.21,0.35,168,0.9542,0.924,0.000433,Healthy
1.62,0.46,0.25,0.11,0.49,1.25,0.86,-0.59,-0.48,-0.86,1.26,169,0.9526,0.9308,0.0003,Healthy
-0.15,1.88,-1.21,-0.58,-0.88,-0.54,0.11,1.57,-0.35,-1.61,1.01,167,0.9512,0.92,0.000351,Healthy
0.53,0.59,1.84,0.13,0.42,0.58,0.49,-0.38,-1.52,0.87,0.85,169,0.8947,0.8939,0.000398,Healthy
-0.63,0.58,-0.61,-0.37,-0.71,-0.26,-0.62,0.55,-1.18,-1.57,-0.78,167,0.9561,0.9324,0.00044,Healthy
0.61,1.15,-1.31,-0.1,0.44,0.24,0.79,-0.71,0.68,0.63,0.06,166,0.9554,0.9243,0.000605,Healthy
-0.47,0.73,-0.3,-1.21,0.48,0.18,-0.76,-0.65,-0.66,0.65,-0.83,167,0.9733,0.9498,0.000284,Healthy
2.67,1.91,1.21,1.12,0.88,0.97,1.36,-1.36,0.36,0.83,1.76,168,0.9222,0.9192,0.000186,Healthy
1.71,-0.44,-0.69,1.5,0.16,1.09,2.09,0.34,2.72,1.12,1.81,167,0.9674,0.941,0.00015,Healthy
0.69,0.69,-0.44,0.54,-0.65,1.68,1.08,-0.45,1.29,1.54,1.67,167,0.9475,0.9323,0.000163,Healthy
1.08,-0.07,-0.66,1.05,0.19,2.35,1.46,0.45,0.84,0.65,1.56,167,0.9459,0.9548,0.000128,Healthy
0.46,0.53,2.44,-0.46,1.41,0.96,-0.3,-1.02,-1.72,0.37,0.31,168,0.9714,0.9493,0.000224,Healthy
0.37,0.74,0.7,-0.2,0.79,0.38,0.94,-0.36,0.5,0.59,0.42,168,0.9442,0.9244,0.000094,Healthy
-0.86,1.35,-0.78,-0.7,-0.06,-0.88,-0.53,-0.38,-1.74,-0.09,0.7,166,0.9705,0.9595,0.000441,Healthy
0.75,-0.33,0.81,-0.68,1.25,0.72,0.35,1.18,0.69,-0.83,-0.76,167,0.969,0.9369,0.000114,Healthy
-0.03,-0.06,1.13,-1.07,1.28,1.21,-0.05,-1.14,-1.35,-0.09,0.24,167,0.9568,0.9283,0.000352,Healthy
0.26,0.09,0.38,-0.46,1.51,-0.45,0.93,0.45,-0.45,-0.32,-0.56,168,0.9508,0.9298,0.000175,Healthy
1.02,-2.46,-0.23,-0.54,0.12,-0.14,0.64,1.11,0.85,-1.13,0.54,168,0.9635,0.9494,0.000161,Healthy
0.62,-0.07,0.17,-0.34,-0.47,-0.02,0.29,0.02,-0.3,-1.87,0.88,168,0.9647,0.9432,0.000274,Healthy
-0.02,0.62,0.84,-0.72,-0.39,-0.24,-0.03,0.3,-1.08,-1.22,0.86,166,0.9366,0.9351,0.000171,Healthy
0.08,0.49,-1.08,-0.03,0.47,0.28,0.53,1.37,-0.15,0.71,0.3,166,0.9649,0.9476,0.000241,Healthy
-0.18,-0.43,1.09,0.24,-0.3,-0.39,0.64,-0.26,-0.92,-0.03,-1,166,0.8766,0.9231,0.000697,Healthy
0.15,0.82,-1.52,-0.12,-0.45,-0.69,0.65,0.59,-1.71,0.61,1.34,170,0.9011,0.9269,0.000231,Healthy
0.65,-0.75,0.42,-0.84,1.32,1.21,0.02,-0.58,-0.56,0,0.33,165,0.9482,0.941,0.000549,Healthy
0.45,-0.96,0.28,-2.05,0.89,1.31,-0.1,1.46,-1.89,-2.72,-0.18,166,0.9131,0.9264,0.000232,Healthy
0.69,1.83,0.87,-0.65,0.32,0.85,-0.09,-1.33,-0.34,0.5,0.08,167,0.9641,0.9376,0.000768,Healthy
-0.24,-0.4,0.71,-0.27,0.61,-0.48,0.01,-0.79,-1.67,-0.21,-0.54,169,0.945,0.9271,0.000579,Healthy
1.69,1.11,1.4,-0.89,0.62,1.7,-0.45,-1.82,-1.8,-1.26,-0.46,170,0.9398,0.8948,0.000621,Healthy
1.12,-0.64,0.4,-0.42,0.94,-0.07,0.87,1.39,-0.05,-0.45,0.16,172,0.9296,0.8691,0.000462,Healthy
-2.34,24.38,7.34,-3.5,11.14,-0.91,-6.46,-4.27,-3.77,-1.28,-2.5,164,0.8702,0.8681,0.000423,Cancer
-0.78,3.64,2.16,0.84,-0.9,-0.23,-0.48,-0.66,-1.69,1.55,0.51,165,0.9128,0.9187,0.000273,Cancer
-1.78,2.54,2.1,0.56,-0.42,-0.58,-1.95,-1.37,-2.14,0.73,-1.33,165,0.7753,0.8836,0.00141,Cancer
5.82,-6.1,22.85,7.76,-4.81,-3.34,-23.01,-6.47,-9.87,-7.16,-10.44,166,0.477,0.3033,0.000724,Cancer
-1.64,-0.8,0.19,-1.13,-0.54,-0.47,-1.25,-0.76,-1.35,-0.8,-1.03,163,0.9164,0.8842,0.000712,Cancer
-1.31,-0.39,0.69,-1.32,0.45,0.03,-0.54,0.23,-1.29,-0.87,-2.26,163,0.9326,0.9189,0.000846,Cancer
-0.42,0.64,0.56,-0.36,0.17,-0.69,-0.83,-0.09,-2.13,0.01,-1.43,168,0.9572,0.9081,0.000626,Cancer
-2.21,17.36,11.2,-0.73,-1.12,3.2,-2.75,0.09,-1.46,2.43,-4.22,166,0.8472,0.679,0.000564,Cancer
-1.17,-0.7,0.07,-0.75,0.84,0.63,-2.36,1.72,-1.46,-0.38,-1.9,164,0.9119,0.8741,0.000568,Cancer
-1.27,0.65,0.01,-0.72,1.34,1.65,-0.76,-0.7,-1.28,0.48,-1.29,163,0.9518,0.9476,0.000495,Cancer
-0.64,2.92,1.41,-0.9,0.56,-0.77,-1.62,-0.66,-1.66,1.04,-1.33,166,0.9344,0.9379,0.000421,Cancer
-0.87,4.1,0,0.27,1.49,3.21,-3.39,-2.59,-1.49,-2.68,-2.85,164,0.9091,0.8942,0.000815,Cancer
1.2,-7.61,6.4,2.36,2.85,1.71,-3.03,-4.96,-1,2.12,1.73,166,0.8902,0.8872,0.000469,Cancer
-1.48,1.5,2.02,0.55,-0.69,0.82,-2.16,-1.05,-2.26,-0.34,-1.7,167,0.8779,0.8973,0.002767,Cancer
-0.69,0.23,1.74,-0.09,0.6,0,-0.78,-0.24,-1.18,1.67,0.35,166,0.756,0.9146,0.001017,Cancer
3.32,1.45,10.96,11.48,-3.85,0.36,-2.96,-5.59,-5.05,-6.83,-6.84,165,0.8585,0.8552,0.000876,Cancer
-1.6,1.97,3.37,0.19,-2.54,-0.2,-2.36,-1.97,-0.55,1.79,1.49,165,0.9052,0.9046,0.0004,Cancer
-23.77,147.22,270.41,-4.69,-14.01,-19.4,-10,-100.59,-12.67,-11.61,-10.54,165,0.7854,0.7578,0.001089,Cancer
-2.17,0.47,2.58,-1.32,0.97,-0.96,-2.57,-1.85,-3.87,0.28,-2.96,165,0.8711,0.9154,0.000581,Cancer
-5.16,3.79,-0.21,3.49,-4.03,2.33,-4.16,-2.21,-2.25,-5.14,0.22,167,0.8942,0.8889,0.000677,Cancer
-0.75,1.07,0.05,-0.23,0.4,0.77,-1.07,-1.15,-0.43,0.86,-0.13,164,0.8944,0.9355,0.000251,Cancer
-2.35,0.3,2.61,0.83,-1.61,-2.29,-2.37,-0.53,-4.25,-1.8,-1.63,169,0.851,0.885,0.00152,Cancer
-0.06,-0.03,1.81,-0.97,2.54,1.13,-0.8,-0.8,-1.45,1.75,-1.79,166,0.9449,0.8995,0.000303,Cancer
-0.06,-1.42,1.26,-1.08,1.63,1.14,-0.86,-1.11,-1.89,0.78,-1.43,166,0.959,0.9228,0.000141,Cancer
-1.3,0.41,2.1,-1.22,1.66,-0.19,-2.06,-1.67,-2.73,-1.56,-2.97,161,0.8148,0.9351,0.000646,Cancer
-0.55,0.84,0,0.22,-0.11,-0.5,-1.12,1.32,-0.62,-0.48,0.04,167,0.9635,0.9378,0.000647,Cancer
-0.43,-0.26,0.25,0.57,-0.61,-1.11,-0.73,0.47,-0.82,-0.33,0.03,167,0.9461,0.9293,0.001606,Cancer
-0.58,2.33,0.38,0.7,-0.04,-0.14,-0.63,-0.7,-1.34,0.53,-0.09,168,0.9582,0.9338,0.001351,Cancer
-0.91,3.89,2.67,0.47,-0.9,-1.85,-1.59,-0.53,-3.97,0.26,0.19,170,0.9397,0.8831,0.000986,Cancer
1,-3.26,27,0.63,2.02,15.28,-1.65,-10.47,-8.04,5.07,-1.39,166,0.5779,0.6502,0.00049,Cancer
-4.89,4.71,3.15,1.3,-1.83,-2.18,-3.89,-0.67,-5.12,-0.7,-1.37,170,0.6097,0.8127,0.006145,Cancer
-0.76,2.8,-0.49,0.2,-1.08,-0.98,-1.05,-1.54,-0.8,1.84,-0.47,167,0.9403,0.8929,0.00111,Cancer
-1.22,0.73,9.54,1.05,-2.06,4.27,-0.86,-1.3,-1.49,-1.43,-0.45,166,0.9265,0.9086,0.000489,Cancer
0.78,0.85,1.11,0.3,-0.1,0.05,0.24,-0.84,-1.55,0.32,-1.5,167,0.9626,0.9342,0.000432,Cancer
-2.11,1.08,1.41,-0.86,-0.01,-0.82,-3.55,-1.44,-3.5,-1.77,-3.05,164,0.9536,0.9173,0.001946,Cancer
-1.46,-1.24,0.57,-0.41,0.87,-1.42,-1.51,-0.15,-2.35,-1.05,-0.86,166,0.9622,0.9291,0.000801,Cancer
0.39,-1.06,0.22,-0.85,1.03,2.12,0.33,-0.22,-0.86,0.07,0.75,165,0.9704,0.9461,0.00027,Cancer
1.02,-0.56,1.17,1.86,0.37,0.75,0.82,-1.85,1.03,-1.45,1.91,167,0.9675,0.9429,0.000422,Cancer
-1.47,3.93,17.87,2.68,-4.21,-1.92,-2.8,-3.27,-6.36,-5.15,-5.78,164,0.8998,0.8083,0.001527,Cancer
-1.73,1.4,2.29,-0.7,0.55,0.3,-2.65,-0.94,-3.6,-1.06,-0.77,165,0.9682,0.9382,0.000807,Cancer
0.64,-0.14,0.84,0.47,0.89,0.22,0.56,0.05,0.09,0.34,0.21,164,0.8914,0.9429,0.000268,Cancer
-1.54,3.53,5.75,0.91,1.5,1.06,-2.9,-1.98,-3.82,-0.69,-4.36,170,0.8751,0.7674,0.010116,Cancer
-0.9,1.49,0.37,-0.63,0.38,0.14,-0.86,-0.03,-1.36,-0.72,-0.74,166,0.9098,0.9246,0.000836,Cancer
-3.51,21.42,11.85,-7.17,-9.24,-14.11,-8.67,-8.58,-7.45,-4.79,-1.47,165,0.8053,0.831,0.000763,Cancer
-1.35,0.39,-0.88,0.31,-0.81,-3.22,-0.91,-1.48,-1.28,0.21,-2.93,165,0.9395,0.8767,0.001084,Cancer
-0.09,1.7,2.66,0.3,1.12,1.76,-0.89,-0.9,-2.61,0.51,-2.57,167,0.9406,0.9001,0.001842,Cancer
-2.06,4.3,5.54,-0.14,2.11,0.95,-3.74,-2.43,-5.07,-0.75,-4.1,164,0.8231,0.8058,0.002047,Cancer
-0.41,-0.8,0.81,-0.5,-0.72,-0.13,-0.97,-0.95,-2.4,-0.58,-1.04,166,0.9108,0.9238,0.001542,Cancer
1,-1.32,0.78,-1.04,0.84,1.3,-0.2,-0.15,-0.34,-2.51,-0.67,166,0.9675,0.9373,0.000273,Cancer
-2.3,2.6,1.18,0.55,-0.69,-0.48,-1.76,-1.85,-3.79,1.04,-0.23,166,0.9155,0.9139,0.004349,Cancer
-1.5,3.23,3.92,-0.14,2.18,1.94,-1.95,-2.3,-2.93,-0.93,-4.02,167,0.8916,0.8117,0.004371,Cancer
-0.5,0.92,-0.22,0.72,0.55,-0.57,0.5,-1.32,-1.4,1.29,-0.8,167,0.9262,0.9003,0.001317,Cancer
-2.28,1.92,1.71,0.07,0.45,-0.97,-2.67,-1.43,-4.19,0.56,-1.61,166,0.922,0.9155,0.000642,Cancer
-0.26,1.48,2.81,1.3,-0.6,0.42,-0.54,-0.73,-1.36,-0.51,-1.55,169,0.8586,0.8499,0.001005,Cancer
-0.75,0.78,-0.95,-0.08,-1.62,-2.37,0.17,1.8,-0.36,1.51,2.45,165,0.7707,0.9195,0.00078,Cancer
-1.13,2.8,1,0.39,0.71,-0.3,-0.65,-0.37,-1.31,3.61,0.73,160,0.7502,0.8847,0.00026,Cancer
0.62,-1.4,2.19,-0.05,1.86,3.15,-0.89,-0.98,-1,-0.64,-0.21,165,0.9495,0.9184,0.000558,Cancer
0.16,2.35,1.44,0.87,0.29,-0.24,0.75,-1.17,-0.46,2.01,1.25,164,0.9289,0.905,0.000769,Cancer
0.58,-0.19,2.23,-0.51,2.27,1.27,0.84,-1.15,-1.47,0.05,-1.17,166,0.9568,0.932,0.000499,Cancer
0.75,0.48,1.05,-1.35,1.3,2.53,0.2,0.31,-1.1,-0.13,1.7,166,0.9511,0.9374,0.000465,Cancer
-1.53,0.7,2.55,-0.05,1.51,0.86,-1.75,-1.93,-3.45,0.08,-3.79,167,0.8718,0.9069,0.000515,Cancer
-2.71,2.96,-0.02,-0.12,-0.83,-1.64,-1.8,0.43,-1.85,2.34,1.5,166,0.9215,0.9548,0.00033,Cancer
-3.31,3.76,1.73,0.59,-0.47,-1.32,-1.94,-1,-2.61,1.91,-1.72,165,0.9172,0.9381,0.00092,Cancer
0.43,0.2,2.08,-0.81,1.2,2.1,-0.2,-2.2,-2.04,0.03,-2.09,167,0.9111,0.8927,0.00016,Cancer
1.57,1.28,3.49,-1,1.94,1.49,0.24,-1.83,-2.75,-0.01,-0.19,165,0.9496,0.9313,0.00026,Cancer
0.29,-0.08,0.52,-0.46,-0.03,-0.13,-0.1,-0.01,-0.71,-0.55,0.42,167,0.9479,0.9432,0.00029,Cancer
0.19,-0.86,-0.16,-1.4,1.02,0.59,0.14,-0.12,-1.74,0.78,-0.02,168,0.9596,0.9309,0.000558,Cancer
-4.21,5.94,4.74,0.83,0.07,1.03,-4.47,-2.67,-6.38,-0.66,-4.34,162,0.7838,0.7757,0.003123,Cancer
-7.74,7.03,1.49,3.15,-9.09,-8.49,-3.95,1.36,-9.38,4.33,-3.52,166,0.8624,0.6771,0.0126,Cancer
-1.25,1.36,2.27,-1.06,1.64,2.02,-0.72,-0.9,-2.48,1.42,-0.52,165,0.91,0.9203,0.000897,Cancer
0.46,2.61,3.14,0.46,1.98,0.89,0.42,-2.18,-3.07,1.01,-0.99,165,0.8577,0.8968,0.000658,Cancer
-4.65,3.32,7.57,-1.1,0.19,0.99,-5.5,-2.53,-6.27,-0.8,-6.5,165,0.7887,0.6938,0.005785,Cancer
-0.83,0.31,1.25,-1.14,1.2,0.42,-1.39,-0.02,-2.4,-2.14,-2.19,166,0.9549,0.9239,0.00038,Cancer
-0.12,2.42,-0.26,-0.3,0.93,0.96,-0.5,0.17,-0.36,1.05,0.95,166,0.9598,0.9356,0.000247,Cancer
-1.31,1.17,1.85,-1.49,0.35,-0.15,-1.98,-1.09,-3.3,-0.93,-2.06,165,0.9069,0.8938,0.000546,Cancer
-2.08,2.26,3.29,0.09,2.01,0.69,-3.31,-3.61,-4.49,-1.21,-5.32,166,0.8361,0.8553,0.000894,Cancer
-1.23,-0.92,0.26,-0.82,0.3,0.63,-0.7,-1.1,-2.04,-0.29,-1.37,168,0.8946,0.8885,0.000439,Cancer
-1.34,3.27,3.69,-1.27,0.68,1.45,-1.74,-2.74,-3.95,0.19,-1.3,165,0.884,0.9294,0.00041,Cancer
-0.49,-0.11,2.1,-1.29,1.4,0.43,-1.16,-1.65,-1.09,-0.78,-2.74,167,0.8746,0.8941,0.000372,Cancer
-2.82,2.15,3.3,-0.58,0.45,0.22,-2.8,-1.44,-3.7,-1.9,-5.03,167,0.8562,0.7972,0.005058,Cancer
-1.93,2.77,3.01,-0.42,0.65,1.08,-2.12,-1.7,-4.6,0.67,-2.81,165,0.8563,0.8865,0.002268,Cancer
2.12,0.44,0.83,0.74,1.73,1.55,0.82,-0.3,0.65,0.07,0.52,167,0.9126,0.8863,0.000283,Cancer
-6.36,6.58,3.03,3.67,-7.16,-7.43,-3.6,-1.48,-6.35,2.3,-4.79,169,0.8274,0.7525,0.010982,Cancer
-4.13,2.56,2.74,0.45,-0.74,-1.9,-3.68,-0.48,-5.62,1.15,-3.55,166,0.8376,0.8439,0.001596,Cancer
-0.12,-0.4,1.72,-0.56,0.05,0.61,-0.6,-0.56,-1.44,-1.85,-0.38,167,0.9391,0.9207,0.010232,Cancer
0.25,-0.84,-0.62,-1.24,0.47,-0.09,-0.34,0.72,-1.6,-1.19,-0.38,167,0.9452,0.8863,0.000154,Cancer
-0.7,1.22,1.72,-0.91,1.38,3.25,-1.47,-0.41,-2.05,-0.57,-2.46,163,0.9175,0.8776,0.001824,Cancer
-0.39,0.05,0.81,0.58,0.64,0.11,-0.53,1.57,-0.65,-3.51,-1.4,165,0.9587,0.9224,0.000803,Cancer
-2.28,-0.18,0.62,-1.08,1.4,-0.28,-2.68,-0.19,-3.08,-0.37,-3.21,163,0.923,0.9193,0.001479,Cancer
0.04,0.99,1.38,-0.18,1.99,1.96,0.1,-0.17,-1.24,0.32,-0.31,166,0.9574,0.9248,0.000329,Cancer
0.74,-0.72,-0.36,0.49,-0.35,-0.91,0.84,0.78,0.52,0.59,0.05,168,0.9172,0.8592,0.000459,Cancer
1.46,1.17,1.16,-0.06,-0.53,-0.52,1.09,-0.39,0.23,-1.89,-0.22,167,0.9424,0.8888,0.000479,Cancer
0.89,1.02,-1.08,0.79,0.32,0.94,0.93,1.71,1.82,-0.49,1.7,166,0.9688,0.9372,0.000292,Cancer
-0.58,0.75,-0.52,-0.61,1.66,1.41,-0.13,0.64,-0.55,0.11,-0.77,163,0.9681,0.9441,0.000345,Cancer
-0.56,0.4,0.69,-0.48,-1.41,-0.3,-0.26,0.85,-1.53,0.69,0.35,165,0.9137,0.9337,0.000363,Cancer
-2.21,0.81,3.31,0,0.33,0.95,-2.88,-1.62,-4.17,-1.08,-5.5,165,0.8875,0.8042,0.007564,Cancer
-0.15,0.05,-1.08,-0.34,-0.79,-1.3,0.08,0.83,1.15,-1.43,-0.71,167,0.9389,0.9003,0.001458,Cancer
-3.48,4.11,2.78,0,0.64,-1.44,-3.45,-1.93,-5.16,-0.26,-4.45,166,0.8585,0.8023,0.00625,Cancer
0.44,2.12,3.49,1.42,1.87,1.46,0.13,-2.41,-1.66,-0.59,-0.62,162,0.9365,0.9433,0.00018,Cancer
-2.95,3.02,5.63,-0.57,1.17,2.79,-2.28,-2.36,-4.83,-0.91,-4.27,163,0.8542,0.8571,0.000815,Cancer
1.84,-0.08,2.89,1.3,-0.9,0.29,1.6,-1.43,0.61,-2.89,-0.17,167,0.9496,0.9057,0.000704,Cancer
1.14,-0.02,0.04,0.39,0.25,-0.17,0.82,0.27,1.41,-0.32,1.08,169,0.9419,0.9161,0.000651,Cancer
0.79,-2.29,0.63,1.06,0.14,-1.32,-0.1,0.77,1.22,-2.11,-1.07,167,0.9626,0.9232,0.000817,Cancer
0.14,1.19,1.5,0.38,1.84,1.65,0.76,-0.35,-0.59,-0.71,0.35,164,0.9535,0.9038,0.000317,Cancer
-1.67,0.34,1.31,0.04,0.11,-2.36,-1.23,-0.27,-1.48,1.95,-1.1,166,0.9369,0.9156,0.000321,Cancer
1.48,0.21,3.2,1.56,0.95,1.14,1.14,-1.17,-0.64,-2.92,0.81,171,0.9428,0.8886,0.002752,Cancer
0.47,-2.45,-0.61,-0.89,0.64,-0.28,0.07,1.4,-0.72,0.32,1.43,168,0.9621,0.9206,0.000388,Cancer
-3.73,4.12,4.1,-0.05,0.32,-1.46,-2.9,-2.21,-3.52,0.52,-2.41,166,0.7804,0.8355,0.001744,Cancer
0.73,0.28,0.12,2.06,0.9,-0.75,1.54,-1.49,-0.07,1.25,0.39,169,0.9523,0.9111,0.000299,Cancer
-6.54,6.6,-0.85,2.48,-5.36,-8.7,-1.49,1.14,-3.98,5.57,-3.64,165,-0.4778,0.2687,0.002299,Cancer
1.16,-0.82,1.43,0.11,0.99,-1.34,0.96,-0.87,0.49,-0.09,-0.87,166,0.9554,0.914,0.000399,Cancer
0.18,-0.42,10.78,0.24,0.42,-0.42,-0.44,-2.26,-0.62,-1.4,-2.29,169,0.9076,0.7832,0.001295,Cancer
1.72,-0.79,1.81,-0.02,0.53,-1.87,-0.04,-1.43,1.29,-1.94,-0.8,169,0.9246,0.9121,0.000338,Cancer
-2.96,-0.37,4.43,-1.2,-2.01,-0.17,0.23,-2.35,8.07,-3.01,-0.21,169,0.9431,0.8639,0.000247,Cancer
1.07,2.32,5.84,2.49,-1.95,-1.2,0.35,0.03,3.08,-1.2,0.16,168,0.7999,0.777,0.000799,Cancer
-0.13,0.82,1.31,2.59,-1.56,-3.15,1.3,-1.11,0.36,2.34,-1.4,168,0.9368,0.8758,0.00064,Cancer
-0.85,0.11,0.15,1.28,-1.51,-3.57,0.04,0.33,-1.09,2.09,-0.54,164,0.8742,0.9401,0.000287,Cancer
-0.88,4.48,6.29,0.73,-1.39,-2.94,-0.91,1.79,3.33,-0.39,1.08,168,0.8194,0.9284,0.000398,Cancer
-1.06,3.48,1.6,1.95,-1.82,-3.29,-0.94,-0.22,-0.09,3.01,-0.17,168,0.9576,0.9036,0.00022,Cancer
-1.13,1.25,0.6,1.92,-1.61,-2.77,0.42,-0.83,0.48,2.99,0.68,168,0.9611,0.9096,0.000157,Cancer
-4.37,5.64,9.79,4.25,5.19,-1.06,-5.15,-5.41,1.57,-5.12,-4.2,167,0.7469,0.5445,0.00022,Cancer
-3.73,9.52,8.55,2.54,-3.7,-6.15,-2.57,-2.12,-3.51,0.05,-2.83,173,-0.0019,0.7888,0.00114,Cancer
-0.73,1.52,1.06,1.68,-3.5,-3.48,-1.12,2.19,0.85,0.22,1.06,169,0.947,0.9094,0.000696,Cancer
0.11,1.27,0.63,2.88,-3.8,-3.95,-0.05,0.71,-0.77,0.8,-0.03,170,0.9352,0.8853,0.003245,Cancer
-2.61,4.12,4.28,1.14,-2.96,-1.59,-2.29,-2,-4.32,-0.13,-1.2,170,0.0043,0.8295,0.001851,Cancer
0.11,0.73,6.81,3.47,-2.42,-4.3,1.45,0.02,1.22,0.17,1.34,168,0.9313,0.8846,0.00049,Cancer
2.37,-0.48,2.14,0.17,2.24,1.39,0.59,-1.5,0.66,0.44,-0.37,168,0.948,0.8851,0.000138,Cancer
